Day,Dose,Elution_Cumulative,ReleaseRate_per_day
1.0,1.0,12.40869303,23.31686061
2.0,1.0,35.72555364,33.442145350000004
3.0,1.0,79.29298373,46.201094129999994
4.0,1.0,128.1277419,42.045333085999985
8.0,1.0,187.6782729,54.61163359
9.0,1.0,252.2209067,64.56890804999999
10.0,1.0,316.816089,65.64387145
11.0,1.0,383.5086496,55.333529183333326
14.0,1.0,447.2779544,14.034478733333344
15.0,1.0,458.9051144,12.947032100000001
16.0,1.0,473.1720186,15.728183000000001
17.0,1.0,490.3614804,18.79373265000001
18.0,1.0,510.7594839,17.486731666666607
21.0,1.0,537.0182324,23.15506059166671
22.0,1.0,564.9740078,32.28764890000002
23.0,1.0,601.5935302,35.716727700000035
24.0,1.0,636.4074632,36.863030149999986
25.0,1.0,675.3195905,33.126180541666635
28.0,1.0,722.6246113,3.9711475666667866
29.0,1.0,722.6633613,2.086523999999997
30.0,1.0,726.7976593,5.13608499999998
31.0,1.0,732.9355313,6.911629900000037
32.0,1.0,740.6209191,7.182724091666735
35.0,1.0,757.645118,17.069630591666623
36.0,1.0,778.5130478,21.74332720000001
37.0,1.0,801.1317724,23.21734194999999
38.0,1.0,824.9477317,24.643837149999968
39.0,1.0,850.4194467,21.8238261333333
42.0,1.0,883.0599253,-3.4926049166666644
43.0,1.0,874.7763989,-12.182564350000007
44.0,1.0,858.6947966,-11.871471033333336
46.0,1.0,851.7923796,-2.793609254166725
52.0,1.0,846.8675105,-14.306443473809622
53.0,1.0,830.3134617,-13.25169897500004
56.0,1.0,820.2795132,7.880174499999953
57.0,1.0,831.9012957,12.075111499999991
58.0,1.0,844.4297362,13.087191500000017
59.0,1.0,858.0756787,14.564777600000014
60.0,1.0,873.5592914,13.249750341666612
63.0,1.0,893.2037812,13.454625741666746
64.0,1.0,908.9605611,16.89093804999999
65.0,1.0,926.9856573,18.765022550000026
66.0,1.0,946.4906062,20.387051250000013
67.0,1.0,967.7597598,17.82401952499994
70.0,1.0,990.2256117,11.16553655000007
71.0,1.0,1002.616788,12.458763150000038
72.0,1.0,1015.143138,13.204961000000026
73.0,1.0,1029.02671,14.190402499999948
74.0,1.0,1043.523943,12.28384758333317
77.0,1.0,1060.455017,11.370160833333443
78.0,1.0,1073.734001,15.970420999999988
79.0,1.0,1092.395859,19.020228999999972
80.0,1.0,1111.774459,16.677473249999856
84.0,1.0,1135.266324,5.863343650000047
85.0,1.0,1141.127262,6.265083000000004
86.0,1.0,1147.79649,7.304493999999977
87.0,1.0,1155.73625,8.781347500000038
88.0,1.0,1165.359185,8.277166916666687
91.0,1.0,1178.078773,13.262244416666704
92.0,1.0,1194.348478,16.51633000000004
93.0,1.0,1211.111433,16.865371500000037
94.0,1.0,1228.079221,17.111804000000006
95.0,1.0,1245.335041,14.757722049999984
99.0,1.0,1264.396362,11.751990050000131
100.0,1.0,1277.895017,12.636299500000064
101.0,1.0,1289.668961,12.15183449999995
102.0,1.0,1302.198686,11.548482363636335
112.0,1.0,1319.559246,-0.10462036363674088
113.0,1.0,1319.270558,-0.13744600000006812
114.0,1.0,1319.284354,0.4931814999999915
115.0,1.0,1320.256921,1.7396620000000667
116.0,1.0,1322.763678,1.7023780833334285
119.0,1.0,1320.631402,-1.4238251666665747
120.0,1.0,1318.969888,-1.22536649999995
121.0,1.0,1318.180669,-0.4984540000000379
122.0,1.0,1317.97298,0.08999899999992067
123.0,1.0,1318.360667,0.6902939166665334
126.0,1.0,1323.155011,4.45282566666674
127.0,1.0,1328.559407,6.203787999999918
128.0,1.0,1335.562587,7.836706000000049
129.0,1.0,1344.232819,9.18198550000011
130.0,1.0,1353.926558,8.322113416666554
133.0,1.0,1366.548268,10.249544416666708
134.0,1.0,1378.811915,12.867878000000019
135.0,1.0,1392.284024,13.516718500000025
136.0,1.0,1405.845352,11.65034469999982
140.0,1.0,1421.870998,3.097739099999899
141.0,1.0,1424.741569,2.446509166666658
143.0,1.0,1427.93834,2.7596618333333254
144.0,1.0,1431.27864,2.81946549999995
147.0,1.0,1435.049526,2.2388275000000704
148.0,1.0,1437.615642,3.728338000000008
149.0,1.0,1442.506202,4.633509000000004
150.0,1.0,1446.88266,4.4555504999999584
151.0,1.0,1451.417303,3.8002787499999613
154.0,1.0,1456.208861,-0.4578994999999395
155.0,1.0,1455.065933,-0.3365995000000339
156.0,1.0,1455.535662,1.285833499999967
157.0,1.0,1457.6376,0.9718765000000076
158.0,1.0,1457.479415,0.2086943333332556
161.0,1.0,1461.407412,6.993943583333248
162.0,1.0,1470.296226,6.06580550000001
163.0,1.0,1473.539023,3.121105214285798
169.0,1.0,1487.88475,2.058542928571569
170.0,1.0,1489.887891,3.183208499999978
171.0,1.0,1494.251167,1.0073139999999512
172.0,1.0,1491.902519,1.3698219999999992
173.0,1.0,1496.990811,4.116040083333303
176.0,1.0,1500.588664,0.4926563690476655
180.0,1.0,1498.790607,1.2787247499999808
183.0,1.0,1506.515319,-4.11910550000016
184.0,1.0,1500.164877,-2.5429560000000038
185.0,1.0,1501.429407,0.5210974999999962
186.0,1.0,1501.207072,0.7611269999999877
187.0,1.0,1502.951661,1.6142602500000578
190.0,1.0,1506.621483,2.4683925000001636
191.0,1.0,1509.504915,2.555227000000059
192.0,1.0,1511.731937,2.3965689999999995
193.0,1.0,1514.298053,2.136660799999774
197.0,1.0,1515.973413,-0.7897135999999136
198.0,1.0,1514.881561,-0.9318112500000666
201.0,1.0,1513.526494,-0.8061663333333513
204.0,1.0,1510.044563,-0.3829539166667928
205.0,1.0,1509.920839,0.029457583333126536
208.0,1.0,1511.387846,0.26985033333335195
211.0,1.0,1511.539941,8.385619833333294
212.0,1.0,1522.703868,12.104175000000055
213.0,1.0,1535.748291,11.64550250000002
214.0,1.0,1545.994873,9.611750499999971
215.0,1.0,1554.971792,8.260935927272879
225.0,1.0,1565.982844,9.01372865454573
226.0,1.0,1575.787835,8.699034547619455
232.0,1.0,1588.16761,6.124249404761713
233.0,1.0,1594.968685,7.399764000000005
234.0,1.0,1602.967138,5.40406616666678
236.0,1.0,1603.397723,0.022397500000067794
239.0,1.0,1602.596888,20.69466250000005
240.0,1.0,1630.278753,27.95456999999999
241.0,1.0,1658.506028,21.897078666666687
243.0,1.0,1676.9794,7.673042133333325
246.0,1.0,1692.962129,5.86481950000001
249.0,1.0,1712.168317,5.717524952380927
253.0,1.0,1731.387549,0.5059384000001046
254.0,1.0,1730.81877,-0.5782429999997944
260.0,1.0,1727.008608,0.009140912087914899
267.0,1.0,1732.333299,1.1340342678572597
268.0,1.0,1733.520671,1.30073850000025
274.0,1.0,1745.406296,1.2950712032967004
281.0,1.0,1748.870553,1.2089429821430713
282.0,1.0,1750.181503,1.249936874999996
289.0,1.0,1755.941418,0.5887395714285759
296.0,1.0,1758.423857,0.6367947142857133
303.0,1.0,1764.856544,1.1257169285714212
310.0,1.0,1774.183894,1.0503684464285925
311.0,1.0,1775.193961,0.9912175952381403
317.0,1.0,1780.462688,0.8517092216117277
324.0,1.0,1786.208955,2.4932046607143548
325.0,1.0,1788.941061,2.5766105219779885
338.0,1.0,1796.158262,5.185619521978197
339.0,1.0,1801.70007,4.943139738095411
345.0,1.0,1809.806851,1.1228610128205077
352.0,1.0,1815.80268,2.3860995000000003
353.0,1.0,1818.407287,2.274971033333202
358.0,1.0,1821.541243,0.7354062673076669
366.0,1.0,1828.814766,-4.149918402777757
367.0,1.0,1824.032459,-4.098498952380702
373.0,1.0,1824.058555,-0.14925174358975823
380.0,1.0,1821.759384,-0.21409383333334375
394.0,1.0,1821.964127,1.4429721666667774
395.0,1.0,1823.509124,1.4412452380954193
401.0,1.0,1828.421532,0.9161638754578973
408.0,1.0,1835.630351,6.064238035714425
409.0,1.0,1842.41379,6.014447261905005
415.0,1.0,1850.816771,1.329629261904742
422.0,1.0,1859.545424,-6.039922196428506
423.0,1.0,1852.46452,-6.582632065933902
436.0,1.0,1851.09826,-7.223923923076882
437.0,1.0,1843.326734,-6.809192928571271
443.0,1.0,1837.115567,-0.653545609890088
450.0,1.0,1835.657547,7.14214242857156
451.0,1.0,1843.849751,7.680835884615323
464.0,1.0,1857.279406,2.4374873846149967
465.0,1.0,1859.824927,2.4050674095236655
479.0,1.0,1865.966967,6.487786609523482
480.0,1.0,1872.88683,6.528487023809545
494.0,1.0,1887.575957,7.626260623809458
495.0,1.0,1895.672006,7.140556833333633
501.0,1.0,1904.117629,0.7681665695970565
508.0,1.0,1904.272724,-0.3517594464285594
509.0,1.0,1903.867548,-0.3176409999999521
515.0,1.0,1905.112962,0.24390737362637083
522.0,1.0,1907.117077,3.748924642857446
523.0,1.0,1911.360662,3.965364543956026
536.0,1.0,1915.891144,0.19425193994601386
542.0,1.0,1916.629511,-0.005380778388271779
549.0,1.0,1915.542903,3.059324035714326
550.0,1.0,1919.061449,3.1626526904762287
556.0,1.0,1925.225206,0.7152015915750809
563.0,1.0,1927.682872,-2.0401023571430414
564.0,1.0,1925.30117,-2.135306839286045
571.0,1.0,1922.427385,-0.6794973809523697
577.0,1.0,1916.967195,-8.453105095238243
578.0,1.0,1907.256911,-9.100518485714279
592.0,1.0,1899.363693,-0.02359701904765643
593.0,1.0,1899.378682,0.037833976190569274
607.0,1.0,1904.385973,-6.019623490476079
608.0,1.0,1897.910829,-6.128887763736177
621.0,1.0,1876.752592,-0.8812594780220024
622.0,1.0,1875.92874,-0.7712609670329318
635.0,1.0,1874.790232,-4.646452324175925
636.0,1.0,1869.793097,-4.686724912087916
649.0,1.0,1861.324978,-2.9107326978023593
650.0,1.0,1858.24045,-2.8751046043956876
663.0,1.0,1856.256644,-0.15260046153845835
1.0,2.0,15.68549099,24.689403920000004
2.0,2.0,40.37489491,30.216301490000003
3.0,2.0,76.11809397,37.932440744999994
4.0,2.0,116.2397764,34.807161003999994
8.0,2.0,170.4360776,49.22275529999999
9.0,2.0,228.5772529,58.5722377
10.0,2.0,287.580553,60.09383905
11.0,2.0,348.764931,51.113024299999985
14.0,2.0,411.4618206,18.46855902499999
15.0,2.0,429.1202449,20.36339720000001
16.0,2.0,452.188615,24.30062885000001
17.0,2.0,477.7215026,28.192853199999973
18.0,2.0,508.5743214,26.46229737499994
21.0,2.0,548.4465207,35.10373910000004
22.0,2.0,590.8212618,47.021724500000005
23.0,2.0,642.4899697,50.75775525
24.0,2.0,692.3367723,53.151457900000025
25.0,2.0,748.7928855,47.89828567499998
28.0,2.0,815.4672948,9.149121674999947
29.0,2.0,820.257856,6.293468449999978
30.0,2.0,828.0542317,9.729666150000014
31.0,2.0,839.7171883,12.951309000000037
32.0,2.0,853.9568497,12.833144016666694
35.0,2.0,879.7976253,24.378046566666626
36.0,2.0,909.4304901,30.887301399999956
37.0,2.0,941.5722281,33.21056919999995
38.0,2.0,975.8516285,35.46712895000002
39.0,2.0,1012.506486,31.08406412500007
42.0,2.0,1055.621538,-1.246172000000115
43.0,2.0,1049.169414,-9.845540500000084
44.0,2.0,1035.930457,-9.247624333333277
46.0,2.0,1033.400539,-0.8316662083333313
52.0,2.0,1036.209812,-6.7269605476191145
53.0,2.0,1028.283656,-6.075437500000078
56.0,2.0,1026.71381,9.274397750000048
57.0,2.0,1039.254101,13.437095500000055
58.0,2.0,1053.588001,15.309247000000028
59.0,2.0,1069.872595,17.408095000000003
60.0,2.0,1088.404191,16.061107416666587
63.0,2.0,1114.353116,17.524128666666684
64.0,2.0,1134.835407,22.19994650000001
65.0,2.0,1158.753009,24.796242000000007
66.0,2.0,1184.427891,27.091724
67.0,2.0,1212.936457,23.886964249999963
70.0,2.0,1243.002934,13.476292999999941
71.0,2.0,1257.630605,15.23808049999991
72.0,2.0,1273.479095,16.898631000000023
73.0,2.0,1291.427867,18.917505000000006
74.0,2.0,1311.314105,16.891903666666593
77.0,2.0,1335.040807,17.759919916666718
78.0,2.0,1356.0844,23.613841999999977
79.0,2.0,1382.268491,27.01554150000004
80.0,2.0,1410.115483,23.940041000000065
84.0,2.0,1443.364431,7.988847400000168
85.0,2.0,1451.272431,8.837808999999993
86.0,2.0,1461.040049,10.804806999999983
87.0,2.0,1472.882045,13.19023249999998
88.0,2.0,1487.420514,12.480907166666611
91.0,2.0,1506.345179,17.85299441666666
92.0,2.0,1528.046431,22.29337350000003
93.0,2.0,1550.931926,23.237116499999956
94.0,2.0,1574.520664,24.148514500000033
95.0,2.0,1599.228955,21.06687019999987
99.0,2.0,1625.233703,12.966939000000139
100.0,2.0,1639.81708,14.138470999999981
101.0,2.0,1653.510645,14.395824999999945
102.0,2.0,1668.60873,13.949442572727317
112.0,2.0,1693.238913,1.155886209090795
113.0,2.0,1694.264086,1.6717540000000781
114.0,2.0,1696.582421,3.6040160000000014
115.0,2.0,1701.472118,5.706916999999976
116.0,2.0,1707.996255,5.308416500000021
119.0,2.0,1712.98002,4.504204250000157
120.0,2.0,1718.431874,5.926826500000061
121.0,2.0,1724.833673,6.6633774999999105
122.0,2.0,1731.758629,7.551368499999967
123.0,2.0,1739.93641,7.195721166666658
126.0,2.0,1752.685035,5.479257666666626
127.0,2.0,1758.574198,7.117503499999998
128.0,2.0,1766.920042,9.22090449999996
129.0,2.0,1777.016007,10.72494800000004
130.0,2.0,1788.369938,9.910954833333307
133.0,2.0,1805.116017,13.573605333333262
134.0,2.0,1821.353482,16.92028199999993
135.0,2.0,1838.956581,17.976958999999965
136.0,2.0,1857.3074,15.776317000000063
140.0,2.0,1879.220636,3.6904490000001715
141.0,2.0,1882.46412,2.912648666666655
143.0,2.0,1886.966076,4.3484320000000025
144.0,2.0,1892.363235,4.57871949999992
147.0,2.0,1898.733438,4.768231000000242
148.0,2.0,1904.383279,6.829180000000065
149.0,2.0,1912.391798,8.329646000000025
150.0,2.0,1921.042571,8.965346499999896
151.0,2.0,1930.322491,7.730901333333122
154.0,2.0,1939.574027,1.4861335833336398
155.0,2.0,1940.52759,2.124471500000027
156.0,2.0,1943.82297,4.599814500000093
157.0,2.0,1949.727219,4.826458500000058
158.0,2.0,1953.475887,3.5527977500000247
161.0,2.0,1962.371448,11.868119750000005
162.0,2.0,1977.207212,11.572874499999898
163.0,2.0,1985.517197,7.644722166666725
169.0,2.0,2007.436068,2.541537880952319
170.0,2.0,2009.792338,3.8454564999999548
171.0,2.0,2015.126981,2.3170254999999997
172.0,2.0,2014.426389,2.5726165000000947
173.0,2.0,2020.272214,4.829354000000137
176.0,2.0,2025.612037,1.1490691785714091
180.0,2.0,2026.843664,2.0942998452380834
183.0,2.0,2037.145948,-3.141500833333339
184.0,2.0,2031.812582,-1.2653195000000323
185.0,2.0,2034.615309,2.3515489999999772
186.0,2.0,2036.51568,3.2503849999999375
187.0,2.0,2041.116079,4.028036499999899
190.0,2.0,2048.048926,5.38561975000016
191.0,2.0,2054.459436,5.943255000000136
192.0,2.0,2059.935436,5.834038499999906
193.0,2.0,2066.127513,5.298532649999743
197.0,2.0,2073.024934,0.47703744999989794
198.0,2.0,2073.190142,0.20022441666651503
201.0,2.0,2074.105963,-0.10935166666666873
204.0,2.0,2072.534032,1.140219750000142
205.0,2.0,2074.228984,1.6266072499996937
208.0,2.0,2078.493703,1.3260516666666717
211.0,2.0,2082.185294,8.573837083333501
212.0,2.0,2093.2069,11.969391500000029
213.0,2.0,2106.124077,11.806155999999874
214.0,2.0,2116.819212,10.533173499999975
215.0,2.0,2127.190424,9.547061218181888
225.0,2.0,2140.245958,7.406564854545422
226.0,2.0,2148.262624,7.15404319047618
232.0,2.0,2160.132462,6.278490619047261
233.0,2.0,2167.12765,7.4741059999998924
234.0,2.0,2175.080674,5.4295931666666775
236.0,2.0,2175.846137,0.18854023333341274
239.0,2.0,2175.537897,21.998025083333232
240.0,2.0,2204.902846,29.597152999999935
241.0,2.0,2234.732203,23.415575666666882
243.0,2.0,2255.908229,8.930835400000092
246.0,2.0,2275.243436,6.9577803333332895
249.0,2.0,2297.654911,6.787442916666635
253.0,2.0,2321.161756,1.312126249999892
254.0,2.0,2321.332736,0.08713735714295012
260.0,2.0,2318.837225,0.25635047802197164
267.0,2.0,2326.121875,1.231246035714321
268.0,2.0,2327.380347,1.3705412857145092
274.0,2.0,2339.638089,1.4365207142857344
281.0,2.0,2344.741171,1.9839815892855768
282.0,2.0,2346.904434,2.0413453750000983
289.0,2.0,2355.219888,1.0218592142856835
296.0,2.0,2361.210463,0.9996782142857228
303.0,2.0,2369.215383,1.4488333571428882
310.0,2.0,2381.49413,1.359313964285775
311.0,2.0,2382.797045,1.2822337619047062
317.0,2.0,2389.745923,1.191405234432267
324.0,2.0,2398.357374,2.6244661607142916
325.0,2.0,2401.18102,2.678911043955999
338.0,2.0,2411.546656,6.3081702582417165
339.0,2.0,2418.278735,6.024980119047775
345.0,2.0,2428.973056,1.580916536630042
352.0,2.0,2438.394131,3.3943383571431696
353.0,2.0,2442.081108,3.2660014333332157
358.0,2.0,2447.886726,1.243168417307686
366.0,2.0,2458.882247,-2.493327097222391
367.0,2.0,2455.905449,-2.46875507142844
373.0,2.0,2459.382464,0.4221254999999928
380.0,2.0,2461.052097,0.22978109523808854
394.0,2.0,2464.024371,3.017732352380335
395.0,2.0,2467.242491,2.8893430476195263
401.0,2.0,2472.742579,1.1064481904762147
408.0,2.0,2482.037479,7.33887860714276
409.0,2.0,2490.235077,7.271315738095076
415.0,2.0,2500.51681,1.673572221611721
422.0,2.0,2511.904741,-5.934384964285073
423.0,2.0,2504.89018,-6.511654857142759
436.0,2.0,2505.229805,-6.335754642856955
437.0,2.0,2498.404675,-5.942618595237612
443.0,2.0,2494.519374,-0.3563278260073446
450.0,2.0,2494.403395,7.024295321428781
451.0,2.0,2502.433528,7.545694170330103
464.0,2.0,2518.65739,3.0174756703295316
465.0,2.0,2521.81098,2.987131719047637
479.0,2.0,2531.005001,8.124617452380335
480.0,2.0,2539.66304,8.164688066666814
494.0,2.0,2557.27189,8.96811073333356
495.0,2.0,2566.790739,8.41303264285768
501.0,2.0,2577.459546,1.1761340934066027
508.0,2.0,2580.776148,0.6131787857148083
509.0,2.0,2581.409238,0.5989626666671697
515.0,2.0,2583.77443,0.5903136336996226
522.0,2.0,2589.508231,4.431762428571801
523.0,2.0,2594.456086,4.623585346154272
536.0,2.0,2599.761124,0.4049536794871642
542.0,2.0,2602.182189,0.3554439871794841
549.0,2.0,2604.277751,4.270427500000096
550.0,2.0,2609.115473,4.319146833333406
556.0,2.0,2616.361648,0.9488700860806034
563.0,2.0,2620.889995,-2.5057854107139974
564.0,2.0,2617.933825,-2.648827160714255
571.0,2.0,2614.451834,-0.6737772344322366
577.0,2.0,2609.502228,-9.288196333332962
578.0,2.0,2598.803488,-10.018240333333253
592.0,2.0,2591.926058,2.558815533333018
593.0,2.0,2594.702735,2.623918628571216
607.0,2.0,2601.496955,-4.982675238095453
608.0,2.0,2596.12371,-5.094170467033166
621.0,2.0,2577.06309,0.38503610439556724
622.0,2.0,2577.590529,0.49453736813184257
635.0,2.0,2578.459139,-5.545892203297171
636.0,2.0,2572.4815,-5.586109736264001
649.0,2.0,2566.030519,-4.100645236263517
650.0,2.0,2561.652611,-4.0832460879117765
663.0,2.0,2558.368275,-0.2526412307692436
1.0,5.0,23.83505053,31.01287262
2.0,5.0,54.84792315,35.720067539999995
3.0,5.0,95.27518561,40.424254874999995
4.0,5.0,135.6964329,34.613052572
8.0,5.0,181.2175277,42.924284580000005
9.0,5.0,232.027815,50.11640804999999
10.0,5.0,281.4503438,50.297604849999985
11.0,5.0,332.6230247,42.60984714999998
14.0,5.0,383.3870624,29.885064399999976
15.0,5.0,417.5933663,37.605318900000015
16.0,5.0,458.5977002,43.176450200000005
17.0,5.0,503.9462667,48.678010150000006
18.0,5.0,555.9537205,44.5230868583333
21.0,5.0,622.1636786,59.03129430833326
22.0,5.0,693.515409,76.4037295
23.0,5.0,774.9711376,81.1435262
24.0,5.0,855.8024614,85.62254719999999
25.0,5.0,946.216232,76.39497269999995
28.0,5.0,1049.231969,17.862423750000175
29.0,5.0,1061.602341,16.446738500000038
30.0,5.0,1082.125446,22.754385999999954
31.0,5.0,1107.111113,27.22323099999994
32.0,5.0,1136.571908,25.98520499999995
35.0,5.0,1183.247213,42.791385749999904
36.0,5.0,1235.116249,53.35724049999999
37.0,5.0,1289.961694,56.096305500000085
38.0,5.0,1347.30886,59.12966999999992
39.0,5.0,1408.221034,51.64083133333317
42.0,5.0,1479.701444,2.992244833333416
43.0,5.0,1475.748836,-6.440230499999984
44.0,5.0,1466.820983,-5.143530166666608
46.0,5.0,1471.671214,2.501218041666533
52.0,5.0,1488.048368,5.732895380952186
53.0,5.0,1494.281825,5.900653916666556
56.0,5.0,1508.988559,13.797317666666686
57.0,5.0,1525.750901,18.49700500000006
58.0,5.0,1545.982569,22.409510999999952
59.0,5.0,1570.569923,26.30735549999997
60.0,5.0,1598.59728,23.957499749999783
63.0,5.0,1633.841064,26.65814925000018
64.0,5.0,1665.469287,33.58674700000006
65.0,5.0,1701.014558,36.747006000000056
66.0,5.0,1738.963299,40.05641849999995
67.0,5.0,1781.127395,35.361565666666564
70.0,5.0,1825.989319,18.32044891666669
71.0,5.0,1845.431926,21.341272000000004
72.0,5.0,1868.671863,24.913601500000027
73.0,5.0,1895.259129,27.62251100000003
74.0,5.0,1923.916885,24.417532999999878
77.0,5.0,1959.007477,27.542805499999986
78.0,5.0,1991.832263,35.73776399999997
79.0,5.0,2030.483005,39.89412699999991
80.0,5.0,2071.620517,35.4185518999999
84.0,5.0,2121.791363,12.335050300000148
85.0,5.0,2134.074498,14.019965000000184
86.0,5.0,2149.831293,17.769061500000134
87.0,5.0,2169.612621,21.638333999999986
88.0,5.0,2193.107961,20.091280499999755
91.0,5.0,2222.745267,27.057576000000154
92.0,5.0,2255.529001,33.549947500000144
93.0,5.0,2289.845162,34.81698000000006
94.0,5.0,2325.162961,36.120222499999954
95.0,5.0,2362.085607,31.581842549999948
99.0,5.0,2402.960122,17.16539855000019
100.0,5.0,2421.862213,19.844012499999963
101.0,5.0,2442.648147,21.967026000000033
102.0,5.0,2465.796265,21.385351690909406
112.0,5.0,2503.373151,4.93730350909118
113.0,5.0,2508.428416,6.892943000000059
114.0,5.0,2517.159037,10.911037999999962
115.0,5.0,2530.250492,14.78419800000006
116.0,5.0,2546.727433,13.769748833333153
119.0,5.0,2563.67195,14.410198583333568
120.0,5.0,2581.002824,18.193278500000133
121.0,5.0,2600.058507,19.676613999999972
122.0,5.0,2620.356052,21.159948499999928
123.0,5.0,2642.378404,18.953494666666472
126.0,5.0,2671.619172,9.614651416666902
127.0,5.0,2681.189733,12.059518499999967
128.0,5.0,2695.738209,16.04217799999992
129.0,5.0,2713.274089,19.012170999999853
130.0,5.0,2733.762551,17.51691316666657
133.0,5.0,2759.569351,22.346777416666555
134.0,5.0,2786.497632,28.090377999999873
135.0,5.0,2815.750107,29.525566499999968
136.0,5.0,2845.548765,25.59269345000007
140.0,5.0,2880.624106,7.412803849999364
141.0,5.0,2887.697902,6.620847666666634
143.0,5.0,2899.127804,10.608526333332975
144.0,5.0,2912.183118,11.116738583332847
147.0,5.0,2928.086155,12.950601833333621
148.0,5.0,2943.58662,16.93949150000003
149.0,5.0,2961.965138,18.766056499999877
150.0,5.0,2981.118733,19.311238000000003
151.0,5.0,3000.587614,16.45461241666672
154.0,5.0,3022.823034,4.022960416667047
155.0,5.0,3025.716379,4.827530999999908
156.0,5.0,3032.478096,9.023536500000091
157.0,5.0,3043.763452,10.424508500000002
158.0,5.0,3053.327113,8.513590916666118
161.0,5.0,3069.417255,17.7327124166668
162.0,5.0,3091.273078,19.217293500000096
163.0,5.0,3107.851842,14.939222857143108
169.0,5.0,3138.463698,3.2898971428571713
170.0,5.0,3141.451582,5.586085500000081
171.0,5.0,3149.635869,5.587522999999919
172.0,5.0,3152.626628,6.986601999999948
173.0,5.0,3163.609073,9.247456833333217
176.0,5.0,3175.73655,3.295535583333276
180.0,5.0,3184.934923,4.628839392857117
183.0,5.0,3204.062245,-1.2414922499997374
184.0,5.0,3200.281664,1.7310350000000199
185.0,5.0,3207.524315,7.623478499999919
186.0,5.0,3215.528621,9.838904499999899
187.0,5.0,3227.202124,10.024619166666241
190.0,5.0,3242.436027,12.519619416666956
191.0,5.0,3257.436197,14.692535499999849
192.0,5.0,3271.821098,14.726908000000094
193.0,5.0,3286.890013,12.90856719999988
197.0,5.0,3303.958717,3.2157320000001164
198.0,5.0,3306.911588,2.7774910833331887
201.0,5.0,3313.665642,2.2604846666665708
204.0,5.0,3320.474496,8.314701250000326
205.0,5.0,3330.804225,8.90493883333312
208.0,5.0,3344.69593,4.577873833333342
211.0,5.0,3358.271468,11.255102333333525
212.0,5.0,3371.769878,15.286910499999976
213.0,5.0,3388.845289,16.730917500000032
214.0,5.0,3405.231713,16.529078000000027
215.0,5.0,3421.903445,15.345549309090941
225.0,5.0,3442.740669,7.39955203636373
226.0,5.0,3450.671804,7.173937452381452
232.0,5.0,3466.456317,10.161998309523824
233.0,5.0,3477.873523,12.541837499999929
234.0,5.0,3491.539992,10.27477483333314
236.0,5.0,3498.522765,3.1452193666667085
239.0,5.0,3506.400671,22.50951291666661
240.0,5.0,3535.538032,29.793937500000084
241.0,5.0,3565.988546,24.054464500000336
243.0,5.0,3588.513277,9.66691916666656
246.0,5.0,3610.334526,7.964978166666697
249.0,5.0,3636.303146,7.976974773809502
253.0,5.0,3664.588475,1.8888200500000494
254.0,5.0,3665.181667,0.5322091190479341
260.0,5.0,3666.179538,0.8997439322344007
267.0,5.0,3678.467441,2.460870589285605
268.0,5.0,3681.029091,2.6017602857145903
274.0,5.0,3698.083623,2.4073289010988788
281.0,5.0,3711.381665,4.93166853571438
282.0,5.0,3716.746469,4.978550482143007
289.0,5.0,3732.6699,2.195656071428573
296.0,5.0,3747.485654,2.227636357142842
303.0,5.0,3763.856809,2.7890431428571674
310.0,5.0,3786.532258,4.427930732142613
311.0,5.0,3791.129986,4.291342309524012
317.0,5.0,3805.848155,2.5710153864468737
324.0,5.0,3824.808825,2.298484517857105
325.0,5.0,3827.048712,2.1879135604395827
338.0,5.0,3846.708077,8.80991391758289
339.0,5.0,3856.079349,8.47097459523863
345.0,5.0,3874.49449,2.905898507325986
352.0,5.0,3893.502231,5.161562946428603
353.0,5.0,3899.013247,5.0136929000000805
358.0,5.0,3911.648634,2.5574170057692527
366.0,5.0,3932.496317,-0.6174204027779524
367.0,5.0,3931.475974,-0.5984143809523204
373.0,5.0,3943.074918,1.8845678608058734
380.0,5.0,3955.870079,1.535012500000036
394.0,5.0,3969.15996,6.046873014285666
395.0,5.0,3975.570947,5.796912880952931
401.0,5.0,3988.245756,2.3686016941392154
408.0,5.0,4006.917725,9.566644142857513
409.0,5.0,4017.469972,9.47980688095285
415.0,5.0,4035.740969,3.0418652985347876
422.0,5.0,4057.007069,-2.1748369642850776
423.0,5.0,4054.087539,-2.6502795109886996
436.0,5.0,4065.137238,-1.4697179395602689
437.0,5.0,4063.489082,-1.278473738094462
443.0,5.0,4069.126801,1.2053150091574594
450.0,5.0,4079.73385,9.562215589286097
451.0,5.0,4090.445626,10.091629483516744
464.0,5.0,4116.832048,6.094947554944611
465.0,5.0,4123.239705,6.079092228571234
479.0,5.0,4143.948301,11.362295561904375
480.0,5.0,4156.016533,11.401891080952097
494.0,5.0,4185.040188,12.02831081428576
495.0,5.0,4197.779584,11.309235404762148
501.0,5.0,4214.149215,2.4094180641025673
508.0,5.0,4228.411169,2.702634625000428
509.0,5.0,4231.208834,2.627527595238675
515.0,5.0,4240.849053,1.7783170677655562
522.0,5.0,4254.698786,6.83264803571501
523.0,5.0,4262.224879,7.0610223021984915
536.0,5.0,4275.421221,1.382665871120139
542.0,5.0,4284.735082,1.5224974743590565
549.0,5.0,4295.149094,8.37576850000005
550.0,5.0,4304.50887,8.372473023809448
556.0,5.0,4319.200801,2.1955709358974786
563.0,5.0,4332.502943,2.3290743749994363
564.0,5.0,4334.89327,2.1955730178560344
571.0,5.0,4340.719336,0.8629858479853851
577.0,5.0,4346.055089,-3.0720716904770597
578.0,5.0,4342.32279,-3.4612932666667646
592.0,5.0,4346.981808,5.203007133333813
593.0,5.0,4352.532688,5.254170700000618
607.0,5.0,4367.936055,-0.010891433333654277
608.0,5.0,4367.845797,-0.14478310989015952
621.0,5.0,4356.748873,6.395894818681882
622.0,5.0,4363.702422,6.513722983517358
635.0,5.0,4374.050224,-0.6750968736255345
636.0,5.0,4373.261967,-0.7068544285704199
649.0,5.0,4377.829894,1.8516152142851752
650.0,5.0,4379.796912,1.8734836538453798
663.0,5.0,4388.344895,0.6575371538461835
1.0,10.0,27.51338672,44.00847127
2.0,10.0,71.52185799,50.27504969
3.0,10.0,128.0634861,57.241892805000006
4.0,10.0,186.0056436,49.593787710000015
8.0,10.0,250.8068778,57.56307570999999
9.0,10.0,318.7106453,67.9689468
10.0,10.0,386.7447714,69.00950814999999
11.0,10.0,456.7296616,58.22120719166666
14.0,10.0,525.5201361,38.29053086666681
15.0,10.0,568.9307912,49.367411350000054
16.0,10.0,624.2549588,58.55822035
17.0,10.0,686.0472319,65.77835469999997
18.0,10.0,755.8116682,60.12366427499995
21.0,10.0,849.4157128,84.60759337500008
22.0,10.0,951.8253879,104.52851159999994
23.0,10.0,1058.472736,106.51551954999996
24.0,10.0,1164.856427,111.44908050000004
25.0,10.0,1281.370897,98.90144191666663
28.0,10.0,1419.55797,26.71350391666647
29.0,10.0,1439.821856,25.133468499999935
30.0,10.0,1469.824907,33.789363500000036
31.0,10.0,1507.400583,40.322389499999986
32.0,10.0,1550.469686,37.59530291666664
35.0,10.0,1613.991394,58.78252016666693
36.0,10.0,1685.31012,73.22209150000003
37.0,10.0,1760.435577,76.99688649999996
38.0,10.0,1839.303893,80.51306750000003
39.0,10.0,1921.461712,69.3438907499999
42.0,10.0,2014.16803,7.251314250000178
43.0,10.0,2013.535747,-1.3899525000000494
44.0,10.0,2011.388125,1.09948350000019
46.0,10.0,2026.575514,7.114189291666619
52.0,10.0,2060.629556,22.411662523809582
53.0,10.0,2085.83055,21.903481
56.0,10.0,2121.863376,18.30933550000009
57.0,10.0,2142.272176,23.262275000000045
58.0,10.0,2168.387926,28.394861499999934
59.0,10.0,2199.061899,32.64885049999998
60.0,10.0,2233.685627,29.806725666666637
63.0,10.0,2279.752783,36.05214591666709
64.0,10.0,2322.703738,45.60828900000001
65.0,10.0,2370.969361,52.61383549999982
66.0,10.0,2427.931409,56.33245899999997
67.0,10.0,2483.634279,46.9598925833333
70.0,10.0,2545.82716,23.1553448333334
71.0,10.0,2569.790633,26.465668499999992
72.0,10.0,2598.758497,31.43463399999996
73.0,10.0,2632.659901,35.56258750000006
74.0,10.0,2669.883672,31.750459166666474
77.0,10.0,2715.875243,36.969153416666586
78.0,10.0,2760.057273,47.57633600000008
79.0,10.0,2811.027915,52.366736500000115
80.0,10.0,2864.790746,46.23649999999981
84.0,10.0,2929.31545,17.58864080000012
85.0,10.0,2947.268457,20.17640749999987
86.0,10.0,2969.668265,24.694602499999974
87.0,10.0,2996.657662,29.06448800000021
88.0,10.0,3027.797241,26.76778908333324
91.0,10.0,3068.754499,37.1586318333334
92.0,10.0,3113.748535,45.922448999999915
93.0,10.0,3160.599397,47.784521999999924
94.0,10.0,3209.317579,49.56263050000007
95.0,10.0,3259.724658,43.21252915000002
99.0,10.0,3317.461977,21.94751475000021
100.0,10.0,3341.287788,25.43316200000004
101.0,10.0,3368.328301,28.61388850000003
102.0,10.0,3398.515565,27.91538600000056
112.0,10.0,3450.481625,9.735959636363077
113.0,10.0,3460.67152,12.877703500000052
114.0,10.0,3476.237032,18.011146499999995
115.0,10.0,3496.693813,22.590811499999973
116.0,10.0,3521.418655,20.78312566666642
119.0,10.0,3548.292585,23.42538391666676
120.0,10.0,3576.540438,29.395078999999896
121.0,10.0,3607.082743,31.229266000000052
122.0,10.0,3638.99897,33.06345250000004
123.0,10.0,3673.209648,29.273625749999894
126.0,10.0,3716.597055,15.103069499999947
127.0,10.0,3731.913658,17.928810999999996
128.0,10.0,3752.454677,22.17315450000001
129.0,10.0,3776.259967,25.436979500000007
130.0,10.0,3803.328636,23.159786166666663
133.0,10.0,3837.628049,29.15386641666646
134.0,10.0,3872.688825,36.3054075
135.0,10.0,3910.238864,38.13814149999985
136.0,10.0,3948.965108,33.222770249999485
140.0,10.0,3993.800609,11.253219050000098
141.0,10.0,4005.064914,10.47666650000042
143.0,10.0,4022.867693,16.156292499999836
144.0,10.0,4042.651437,16.854377416666523
147.0,10.0,4066.85027,20.880249166667
148.0,10.0,4092.001843,26.76158650000025
149.0,10.0,4120.373443,29.176050999999916
150.0,10.0,4150.353945,30.425238999999692
151.0,10.0,4181.223921,25.773452916666088
154.0,10.0,4212.675572,9.318141666666634
155.0,10.0,4221.605133,10.899676
156.0,10.0,4234.474924,14.647484000000077
157.0,10.0,4250.900101,16.79339549999986
158.0,10.0,4268.061715,14.890681666666069
161.0,10.0,4292.295369,24.83806291666633
162.0,10.0,4322.720158,28.083604499999637
163.0,10.0,4348.462578,23.036412999999854
169.0,10.0,4389.264804,7.953492999999526
170.0,10.0,4397.410484,11.22133199999962
171.0,10.0,4411.707468,11.783688500000153
172.0,10.0,4420.977861,13.176762000000053
173.0,10.0,4438.060992,14.374276583332403
176.0,10.0,4456.804132,5.415209226190541
180.0,10.0,4474.024947,7.246710178571334
183.0,10.0,4502.383467,2.807899250000446
184.0,10.0,4502.976386,7.23913500000026
185.0,10.0,4516.861737,20.979702499999803
186.0,10.0,4544.935791,23.530833999999686
187.0,10.0,4563.923405,16.202941416666135
190.0,10.0,4587.470176,19.632577416667118
191.0,10.0,4611.030638,23.184183000000303
192.0,10.0,4633.838542,23.43744800000013
193.0,10.0,4657.905534,20.593855299999404
197.0,10.0,4684.710768,7.97905690000016
198.0,10.0,4693.009262,7.327662083333337
201.0,10.0,4706.254761,4.5424831666666705
204.0,10.0,4720.264161,14.876746499999626
205.0,10.0,4738.543223,15.539476249999439
208.0,10.0,4760.50538,7.31733266666663
211.0,10.0,4782.447219,15.196755833333555
212.0,10.0,4800.271578,20.238074000000324
213.0,10.0,4822.923367,22.238767499999994
214.0,10.0,4844.749113,22.671875
215.0,10.0,4868.267117,21.63612948181931
225.0,10.0,4896.44096,9.077588572727109
226.0,10.0,4906.144569,8.83229959523807
232.0,10.0,4927.771228,15.214117309523317
233.0,10.0,4944.920291,18.40813950000029
234.0,10.0,4964.587507,15.409654333333265
236.0,10.0,4978.376569,6.098594333333153
239.0,10.0,4993.090637,27.43702983333378
240.0,10.0,5028.038447,35.941410500000075
241.0,10.0,5064.973458,29.590460000000462
243.0,10.0,5094.776174,12.810542133333115
246.0,10.0,5123.799129,10.358597666666697
249.0,10.0,5156.92776,10.304836607142875
253.0,10.0,5194.210891,6.95683095000004
254.0,10.0,5200.576734,5.668734000000896
260.0,10.0,5209.493214,2.171021670329651
267.0,10.0,5230.284056,4.936868035713815
268.0,10.0,5235.501888,4.982432190475663
274.0,10.0,5256.922088,3.2016501245421978
281.0,10.0,5276.325176,6.23142833928523
282.0,10.0,5283.050827,6.244617982142145
289.0,10.0,5303.192535,2.9392134285714633
296.0,10.0,5324.199815,3.088435499999946
303.0,10.0,5346.430632,3.7090352857142648
310.0,10.0,5376.126309,8.683976196429285
311.0,10.0,5385.444819,8.49681966666759
317.0,10.0,5406.844885,3.728337996337018
324.0,10.0,5434.263477,3.4460615892858186
325.0,10.0,5437.64227,3.288995901098449
338.0,10.0,5465.223507,13.483378615385845
339.0,10.0,5479.580866,12.927686452381693
345.0,10.0,5505.678773,4.2066713534798055
352.0,10.0,5533.957804,8.470243321428825
353.0,10.0,5543.060959,8.170501666667406
358.0,10.0,5560.597134,3.427741105769144
366.0,10.0,5587.001541,3.9447456527768736
367.0,10.0,5591.026811,3.9058592857148824
373.0,10.0,5610.163181,3.2148583406593616
380.0,10.0,5632.87514,2.647092809523798
394.0,10.0,5653.205202,10.298017152381362
395.0,10.0,5664.135067,9.812029666666433
401.0,10.0,5682.765173,3.3786227655677408
408.0,10.0,5708.649974,12.223067714286117
409.0,10.0,5722.090933,12.0775559523818
415.0,10.0,5745.473759,3.9046054468863645
422.0,10.0,5772.866984,0.9340129821439405
423.0,10.0,5773.375382,0.5713569065932234
436.0,10.0,5791.443077,2.4862049065932297
437.0,10.0,5794.013619,2.5181691190480535
443.0,10.0,5807.23721,2.4001218223443175
450.0,10.0,5825.640281,13.06631714285686
451.0,10.0,5840.197642,13.709435203296515
464.0,10.0,5875.12084,9.862244917583666
465.0,10.0,5885.535073,9.860824842857994
479.0,10.0,5915.118622,15.174752576189348
480.0,10.0,5931.226349,15.202519866666464
494.0,10.0,5966.641029,17.164265200000045
495.0,10.0,5984.850626,16.170858547619275
501.0,10.0,6008.481193,3.6861310750914527
508.0,10.0,6032.223687,8.238881607142503
509.0,10.0,6041.155011,8.055627380952217
515.0,10.0,6057.963697,2.962892655677649
522.0,10.0,6080.022413,9.899101517857162
523.0,10.0,6090.885494,10.204718500000816
536.0,10.0,6112.283572,2.5903400263157437
542.0,10.0,6130.440691,2.904940972527527
549.0,10.0,6149.785106,13.84738860714242
550.0,10.0,6165.215909,13.755870999999843
556.0,10.0,6187.453583,3.4968100989011646
563.0,10.0,6210.220591,7.003394839286557
564.0,10.0,6217.759838,6.817867821427313
571.0,10.0,6230.137333,2.006794622710572
577.0,10.0,6243.405089,1.8074655238087871
578.0,10.0,6245.14525,1.678435885714162
592.0,10.0,6256.54523,10.748900552381201
593.0,10.0,6268.003746,10.798385919048389
607.0,10.0,6289.795653,2.9556689857136007
608.0,10.0,6292.851258,2.817776945055023
621.0,10.0,6289.289417,7.33697808791203
622.0,10.0,6297.211854,7.43647516483496
635.0,10.0,6311.758481,0.9822630219778148
636.0,10.0,6312.730228,0.9712279065941729
649.0,10.0,6325.268464,5.071582049450626
650.0,10.0,6330.655977,5.0766146758248425
663.0,10.0,6344.110151,1.034936461538424
